timestamp,datetime,speed,rpm,gear,throttle,brake
1746038261.7034998,2025-04-30 19:37:41.703500,473.3,900,1,0.0,0.0
1746038261.8135834,2025-04-30 19:37:41.813584,473.3,900,1,0.0,0.0
1746038261.922209,2025-04-30 19:37:41.922210,473.2,900,1,0.0,0.0
1746038262.0320191,2025-04-30 19:37:42.032020,473.2,900,1,0.0,0.0
1746038262.1326563,2025-04-30 19:37:42.132657,473.1,900,1,0.0,0.0
1746038262.241374,2025-04-30 19:37:42.241375,473.1,900,1,0.0,0.0
1746038262.3417838,2025-04-30 19:37:42.341784,473.0,900,1,0.0,0.0
1746038262.451072,2025-04-30 19:37:42.451073,473.0,900,1,0.0,0.0
1746038262.5523822,2025-04-30 19:37:42.552383,472.9,900,1,0.0,0.0
1746038262.6616046,2025-04-30 19:37:42.661605,472.9,900,1,0.0,0.0
1746038262.7617657,2025-04-30 19:37:42.761766,472.8,900,1,0.0,0.0
1746038262.861947,2025-04-30 19:37:42.861949,472.7,900,1,0.0,0.0
1746038262.9717002,2025-04-30 19:37:42.971701,472.7,900,1,0.0,0.0
1746038263.073028,2025-04-30 19:37:43.073030,472.6,900,1,0.0,0.0
1746038263.1817482,2025-04-30 19:37:43.181749,472.5,900,1,0.0,0.0
1746038263.2826862,2025-04-30 19:37:43.282687,472.4,900,1,0.0,0.0
1746038263.3920882,2025-04-30 19:37:43.392089,472.4,900,1,0.0,0.0
1746038263.502081,2025-04-30 19:37:43.502082,472.3,900,1,0.0,0.0
1746038263.6030617,2025-04-30 19:37:43.603063,472.2,900,1,0.0,0.0
1746038263.7117174,2025-04-30 19:37:43.711718,472.1,900,1,0.0,0.0
1746038263.8125072,2025-04-30 19:37:43.812508,472.0,900,1,0.0,0.0
1746038263.912977,2025-04-30 19:37:43.912978,471.9,900,1,0.0,0.0
1746038264.0136611,2025-04-30 19:37:44.013662,471.7,900,1,0.51,0.0
1746038264.1219106,2025-04-30 19:37:44.121912,471.6,900,1,0.34,0.0
1746038264.222008,2025-04-30 19:37:44.222009,471.5,944,1,0.24,0.0
1746038264.3225505,2025-04-30 19:37:44.322552,471.4,1518,1,0.18,0.0
1746038264.4329233,2025-04-30 19:37:44.432925,471.3,1518,1,0.15,0.0
1746038264.5344577,2025-04-30 19:37:44.534458,471.2,1518,1,0.44,0.0
1746038264.6426594,2025-04-30 19:37:44.642660,471.1,1643,1,1.0,0.0
1746038264.7431414,2025-04-30 19:37:44.743142,471.0,1643,1,0.97,0.0
1746038264.8519928,2025-04-30 19:37:44.851994,472.8,1965,1,0.8,0.0
1746038264.9527798,2025-04-30 19:37:44.952781,474.9,2542,1,0.58,0.0
1746038265.0634148,2025-04-30 19:37:45.063416,485.8,2542,1,0.52,0.0
1746038265.1726787,2025-04-30 19:37:45.172680,485.8,2542,1,0.45,0.0
1746038265.2731736,2025-04-30 19:37:45.273174,485.8,2482,1,0.37,0.0
1746038265.3816566,2025-04-30 19:37:45.381657,470.8,2482,1,0.28,0.0
1746038265.4840732,2025-04-30 19:37:45.484074,476.2,2482,1,0.25,0.0
1746038265.592416,2025-04-30 19:37:45.592417,475.8,2603,1,0.24,0.0
1746038265.7037404,2025-04-30 19:37:45.703742,475.5,2700,1,0.2,0.0
1746038265.8125565,2025-04-30 19:37:45.812557,475.3,2802,1,0.0,0.0
1746038265.9128206,2025-04-30 19:37:45.912821,475.1,2828,1,0.0,0.0
1746038266.0133128,2025-04-30 19:37:46.013313,477.6,2828,1,0.0,1.0
1746038266.1221957,2025-04-30 19:37:46.122197,483.1,2828,1,0.0,1.0
1746038266.2230558,2025-04-30 19:37:46.223057,488.7,2735,1,0.0,1.0
1746038266.3348608,2025-04-30 19:37:46.334862,494.3,2203,1,0.0,0.0
1746038266.4425147,2025-04-30 19:37:46.442516,499.9,1747,1,0.05,0.0
1746038266.5447083,2025-04-30 19:37:46.544710,505.5,1405,1,1.0,0.0
1746038266.6523714,2025-04-30 19:37:46.652372,511.1,1405,1,1.0,0.0
1746038266.7531219,2025-04-30 19:37:46.753123,516.7,1405,1,1.0,0.0
1746038266.8638651,2025-04-30 19:37:46.863866,519.6,1588,1,1.0,0.0
1746038266.9725714,2025-04-30 19:37:46.972572,519.3,1983,1,1.0,0.0
1746038267.072772,2025-04-30 19:37:47.072773,518.8,2411,1,1.0,0.0
1746038267.1821918,2025-04-30 19:37:47.182193,518.1,2809,1,1.0,0.0
1746038267.2833035,2025-04-30 19:37:47.283305,517.2,3148,1,1.0,0.0
1746038267.3923538,2025-04-30 19:37:47.392355,516.2,3523,1,1.0,0.0
1746038267.4926367,2025-04-30 19:37:47.492638,515.0,3889,1,1.0,0.0
1746038267.5926118,2025-04-30 19:37:47.592613,513.7,4320,1,1.0,0.0
1746038267.6929696,2025-04-30 19:37:47.692970,512.3,4667,1,1.0,0.0
1746038267.7930973,2025-04-30 19:37:47.793098,511.0,5084,1,1.0,0.0
1746038267.8993328,2025-04-30 19:37:47.899334,509.9,5410,1,1.0,0.0
1746038268.0036476,2025-04-30 19:37:48.003648,508.9,5640,1,1.0,0.0
1746038268.113015,2025-04-30 19:37:48.113016,508.1,5651,1,1.0,0.0
1746038268.2140083,2025-04-30 19:37:48.214009,507.4,5640,1,1.0,0.0
1746038268.3237543,2025-04-30 19:37:48.323755,506.7,5651,1,1.0,0.0
1746038268.4347198,2025-04-30 19:37:48.434721,506.1,5662,1,1.0,0.0
1746038268.5351157,2025-04-30 19:37:48.535116,505.6,5662,1,1.0,0.0
1746038268.6430647,2025-04-30 19:37:48.643065,505.2,5665,1,1.0,0.0
1746038268.7437956,2025-04-30 19:37:48.743796,504.8,5665,1,1.0,0.0
1746038268.8527987,2025-04-30 19:37:48.852800,504.4,5662,1,1.0,0.0
1746038268.9542315,2025-04-30 19:37:48.954233,504.1,5659,1,1.0,0.0
1746038269.0653894,2025-04-30 19:37:49.065390,503.8,5437,2,1.0,0.0
1746038269.173206,2025-04-30 19:37:49.173207,503.5,5222,2,0.0,0.04
1746038269.2736673,2025-04-30 19:37:49.273669,503.3,4992,2,0.0,1.0
1746038269.3737323,2025-04-30 19:37:49.373733,503.1,3884,2,0.0,1.0
1746038269.4742625,2025-04-30 19:37:49.474264,502.9,3167,2,0.0,1.0
1746038269.5836356,2025-04-30 19:37:49.583636,502.8,2792,2,0.0,1.0
1746038269.6845965,2025-04-30 19:37:49.684597,502.6,2490,2,0.0,1.0
1746038269.7941527,2025-04-30 19:37:49.794154,502.5,2161,2,0.0,1.0
1746038269.9032626,2025-04-30 19:37:49.903264,502.5,1886,2,0.0,1.0
1746038270.0043938,2025-04-30 19:37:50.004395,502.5,1590,2,0.0,1.0
1746038270.1136148,2025-04-30 19:37:50.113616,502.6,1266,2,0.0,1.0
1746038270.2145584,2025-04-30 19:37:50.214560,504.8,967,2,0.0,1.0
1746038270.323359,2025-04-30 19:37:50.323360,427.4,810,2,0.0,1.0
1746038270.4244447,2025-04-30 19:37:50.424446,427.2,810,2,0.0,1.0
1746038270.5342035,2025-04-30 19:37:50.534205,427.2,810,2,0.0,1.0
1746038270.6343873,2025-04-30 19:37:50.634388,427.2,814,2,0.0,1.0
1746038270.7344098,2025-04-30 19:37:50.734411,427.2,819,2,0.0,1.0
1746038270.8442485,2025-04-30 19:37:50.844249,427.3,823,2,0.0,0.0
1746038270.9525645,2025-04-30 19:37:50.952566,505.6,827,2,0.0,0.0
1746038271.0534496,2025-04-30 19:37:51.053450,505.6,832,2,0.0,0.0
1746038271.1632185,2025-04-30 19:37:51.163219,505.5,836,2,0.0,0.0
1746038271.2656646,2025-04-30 19:37:51.265665,505.6,840,2,0.0,0.0
1746038271.3731072,2025-04-30 19:37:51.373108,505.6,845,2,0.0,0.0
1746038271.4738188,2025-04-30 19:37:51.473820,506.0,849,2,0.0,0.0
1746038271.5825343,2025-04-30 19:37:51.582535,508.9,853,2,0.0,0.0
1746038271.6844473,2025-04-30 19:37:51.684448,356.22999999999996,853,2,0.0,0.0
1746038271.7845826,2025-04-30 19:37:51.784584,356.22999999999996,853,2,0.0,0.0
1746038271.8945765,2025-04-30 19:37:51.894577,356.22999999999996,853,2,0.0,0.0
1746038272.0040417,2025-04-30 19:37:52.004043,356.22999999999996,853,2,0.0,0.0
1746038272.1040974,2025-04-30 19:37:52.104098,356.22999999999996,853,2,0.0,0.0
1746038272.2054403,2025-04-30 19:37:52.205441,356.22999999999996,853,2,0.0,0.0
1746038272.3144312,2025-04-30 19:37:52.314433,356.22999999999996,853,2,0.0,0.0
1746038272.4245164,2025-04-30 19:37:52.424517,356.22999999999996,853,2,0.0,0.0
1746038272.5246613,2025-04-30 19:37:52.524662,356.22999999999996,853,2,0.0,0.0
1746038272.6249635,2025-04-30 19:37:52.624964,356.22999999999996,853,2,0.0,0.0
1746038272.7357116,2025-04-30 19:37:52.735713,356.22999999999996,853,2,0.0,0.0
1746038272.8438673,2025-04-30 19:37:52.843869,356.22999999999996,853,2,0.0,0.0
1746038272.9454017,2025-04-30 19:37:52.945402,511.8,858,2,0.0,0.0
1746038273.0534332,2025-04-30 19:37:53.053434,514.6,862,2,0.8,0.0
1746038273.1536715,2025-04-30 19:37:53.153672,517.3,867,2,0.95,0.0
1746038273.265653,2025-04-30 19:37:53.265654,520.0,1265,2,1.0,0.0
1746038273.3740702,2025-04-30 19:37:53.374071,522.8,2378,2,1.0,0.0
1746038273.4745526,2025-04-30 19:37:53.474553,525.4,2792,2,1.0,0.0
1746038273.5850058,2025-04-30 19:37:53.585007,527.9,2792,2,1.0,0.0
1746038273.6945293,2025-04-30 19:37:53.694530,527.7,2792,2,1.0,0.0
1746038273.7947052,2025-04-30 19:37:53.794706,527.4,2734,2,1.0,0.0
1746038273.9053202,2025-04-30 19:37:53.905321,527.2,2580,2,1.0,0.0
1746038274.014589,2025-04-30 19:37:54.014590,526.8,2480,2,1.0,0.0
1746038274.114651,2025-04-30 19:37:54.114652,526.5,2366,2,1.0,0.0
1746038274.2148776,2025-04-30 19:37:54.214878,526.0,2237,2,1.0,0.0
1746038274.3251207,2025-04-30 19:37:54.325122,525.6,2119,2,1.0,0.0
1746038274.425182,2025-04-30 19:37:54.425183,525.1,1920,2,1.0,0.0
1746038274.5362053,2025-04-30 19:37:54.536206,524.6,1865,3,1.0,0.0
1746038274.644353,2025-04-30 19:37:54.644354,524.2,1818,3,1.0,0.0
1746038274.7465777,2025-04-30 19:37:54.746579,524.0,1692,3,1.0,0.0
1746038274.8541422,2025-04-30 19:37:54.854143,523.9,1504,3,1.0,0.0
1746038274.9554293,2025-04-30 19:37:54.955430,523.7,1504,3,1.0,0.0
1746038275.065178,2025-04-30 19:37:55.065179,523.6,1504,3,1.0,0.0
1746038275.1660392,2025-04-30 19:37:55.166040,523.5,1513,3,1.0,0.0
1746038275.2748868,2025-04-30 19:37:55.274888,523.3,1513,3,0.0,0.94
1746038275.375043,2025-04-30 19:37:55.375044,523.2,1513,3,0.0,1.0
1746038275.4841037,2025-04-30 19:37:55.484104,523.1,1494,4,0.0,1.0
1746038275.5848188,2025-04-30 19:37:55.584820,523.0,1465,4,0.0,1.0
1746038275.685925,2025-04-30 19:37:55.685926,523.0,1435,3,0.0,1.0
1746038275.7949727,2025-04-30 19:37:55.794974,522.9,1409,3,0.0,1.0
1746038275.8953757,2025-04-30 19:37:55.895376,522.8,1212,3,0.0,1.0
1746038275.9954631,2025-04-30 19:37:55.995464,523.0,939,3,0.0,1.0
1746038276.0957074,2025-04-30 19:37:56.095709,522.9,902,3,0.0,0.0
1746038276.2058482,2025-04-30 19:37:56.205849,523.0,900,3,0.0,0.0
1746038276.3158426,2025-04-30 19:37:56.315844,523.1,900,3,0.0,0.0
1746038276.4170613,2025-04-30 19:37:56.417062,523.2,900,3,0.0,0.0
1746038276.525614,2025-04-30 19:37:56.525615,523.4,900,3,0.0,0.0
1746038276.6361506,2025-04-30 19:37:56.636151,523.7,900,3,0.0,0.0
1746038276.7448878,2025-04-30 19:37:56.744889,524.0,900,3,0.0,0.0
1746038276.8450909,2025-04-30 19:37:56.845092,524.3,900,3,0.0,0.0
1746038276.9453468,2025-04-30 19:37:56.945348,524.5,900,3,0.0,0.0
1746038277.0546253,2025-04-30 19:37:57.054626,524.8,900,3,0.0,0.0
1746038277.1553957,2025-04-30 19:37:57.155397,525.0,900,1,1.0,0.0
1746038277.2655227,2025-04-30 19:37:57.265524,525.1,900,1,1.0,0.0
1746038277.3658319,2025-04-30 19:37:57.365833,525.2,973,1,1.0,0.0
1746038277.4756992,2025-04-30 19:37:57.475700,525.3,1056,1,1.0,0.0
1746038277.5843322,2025-04-30 19:37:57.584333,525.3,1153,1,1.0,0.0
1746038277.6852078,2025-04-30 19:37:57.685208,525.3,1229,1,1.0,0.0
1746038277.7946486,2025-04-30 19:37:57.794650,525.4,1372,1,1.0,0.0
1746038277.8958209,2025-04-30 19:37:57.895822,525.4,1672,1,1.0,0.0
1746038278.0050292,2025-04-30 19:37:58.005030,525.4,2030,1,1.0,0.0
1746038278.1051722,2025-04-30 19:37:58.105173,525.4,2388,1,1.0,0.0
1746038278.2091627,2025-04-30 19:37:58.209163,525.5,2808,1,1.0,0.0
1746038278.3159068,2025-04-30 19:37:58.315908,525.5,3207,1,1.0,0.0
1746038278.4160502,2025-04-30 19:37:58.416051,525.5,3611,1,1.0,0.0
1746038278.5261502,2025-04-30 19:37:58.526151,525.6,4050,1,1.0,0.0
1746038278.6359076,2025-04-30 19:37:58.635908,525.7,4436,1,1.0,0.0
1746038278.73734,2025-04-30 19:37:58.737341,525.9,4836,1,1.0,0.0
1746038278.8450923,2025-04-30 19:37:58.845093,526.1,5214,1,1.0,0.0
1746038278.9462779,2025-04-30 19:37:58.946279,526.3,5490,1,1.0,0.0
1746038279.0551617,2025-04-30 19:37:59.055163,526.5,5490,1,1.0,0.0
1746038279.1559231,2025-04-30 19:37:59.155924,526.8,5490,2,1.0,0.0
1746038279.2561266,2025-04-30 19:37:59.256128,527.0,5254,2,1.0,0.0
1746038279.3563154,2025-04-30 19:37:59.356316,527.3,5043,2,1.0,0.0
1746038279.4658751,2025-04-30 19:37:59.465876,527.5,4594,2,1.0,0.0
1746038279.5659058,2025-04-30 19:37:59.565907,527.7,3775,2,1.0,0.0
1746038279.6661232,2025-04-30 19:37:59.666124,527.8,3775,2,1.0,0.0
1746038279.7662132,2025-04-30 19:37:59.766214,528.0,3775,2,1.0,0.0
1746038279.876115,2025-04-30 19:37:59.876116,528.1,3933,2,1.0,0.0
1746038279.9854093,2025-04-30 19:37:59.985410,528.2,4089,2,1.0,0.0
1746038280.0856056,2025-04-30 19:38:00.085606,528.2,4252,2,1.0,0.0
1746038280.1951618,2025-04-30 19:38:00.195163,528.3,4416,2,1.0,0.0
1746038280.2955875,2025-04-30 19:38:00.295589,528.4,4558,2,1.0,0.0
1746038280.4070466,2025-04-30 19:38:00.407047,528.4,4716,2,1.0,0.0
1746038280.514877,2025-04-30 19:38:00.514878,528.5,4855,2,1.0,0.0
1746038280.617165,2025-04-30 19:38:00.617166,528.6,5003,2,1.0,0.0
1746038280.7172287,2025-04-30 19:38:00.717229,528.7,5054,2,1.0,0.0
1746038280.8259108,2025-04-30 19:38:00.825911,528.8,5054,2,1.0,0.0
1746038280.92704,2025-04-30 19:38:00.927041,528.9,5054,2,1.0,0.0
1746038281.0363863,2025-04-30 19:38:01.036387,529.0,4833,3,1.0,0.0
1746038281.1372328,2025-04-30 19:38:01.137234,529.1,4641,3,1.0,0.0
1746038281.2453296,2025-04-30 19:38:01.245331,529.2,4276,3,1.0,0.0
1746038281.3462093,2025-04-30 19:38:01.346210,529.3,3615,3,1.0,0.0
1746038281.4556081,2025-04-30 19:38:01.455609,529.4,3615,3,1.0,0.0
1746038281.5563357,2025-04-30 19:38:01.556336,529.4,3615,3,1.0,0.0
1746038281.6665936,2025-04-30 19:38:01.666594,529.5,3691,3,1.0,0.0
1746038281.7762156,2025-04-30 19:38:01.776216,529.5,3764,3,1.0,0.0
1746038281.8764641,2025-04-30 19:38:01.876465,529.6,3841,3,1.0,0.0
1746038281.98568,2025-04-30 19:38:01.985681,529.6,3917,3,1.0,0.0
1746038282.087131,2025-04-30 19:38:02.087132,529.6,3982,3,1.0,0.0
1746038282.196592,2025-04-30 19:38:02.196593,529.7,4055,3,1.0,0.0
1746038282.3063638,2025-04-30 19:38:02.306365,529.7,4124,3,1.0,0.0
1746038282.4165397,2025-04-30 19:38:02.416541,529.7,4198,3,1.0,0.0
1746038282.516901,2025-04-30 19:38:02.516902,529.7,4265,3,1.0,0.0
1746038282.6268868,2025-04-30 19:38:02.626888,529.8,4336,3,1.0,0.0
1746038282.7269428,2025-04-30 19:38:02.726943,529.8,4400,3,1.0,0.0
1746038282.8273642,2025-04-30 19:38:02.827365,529.9,4474,3,1.0,0.0
1746038282.93743,2025-04-30 19:38:02.937431,529.9,4530,3,1.0,0.0
1746038283.0466359,2025-04-30 19:38:03.046636,530.0,4589,3,1.0,0.0
1746038283.1469958,2025-04-30 19:38:03.146996,530.0,4613,3,1.0,0.0
1746038283.2562087,2025-04-30 19:38:03.256210,530.1,4613,3,1.0,0.0
1746038283.3581417,2025-04-30 19:38:03.358142,530.1,4613,3,1.0,0.0
1746038283.4673345,2025-04-30 19:38:03.467335,530.2,4431,4,1.0,0.0
1746038283.5682678,2025-04-30 19:38:03.568269,530.2,4259,4,1.0,0.0
1746038283.6769505,2025-04-30 19:38:03.676952,530.2,4075,4,1.0,0.0
1746038283.7863722,2025-04-30 19:38:03.786373,530.3,3314,4,1.0,0.0
1746038283.8872097,2025-04-30 19:38:03.887211,530.3,3313,4,1.0,0.0
1746038283.9971056,2025-04-30 19:38:03.997106,530.3,3313,4,1.0,0.0
1746038284.1061373,2025-04-30 19:38:04.106138,530.3,3314,4,1.0,0.0
1746038284.207763,2025-04-30 19:38:04.207764,530.3,3317,4,1.0,0.0
1746038284.316962,2025-04-30 19:38:04.316963,530.3,3350,4,1.0,0.0
1746038284.4275382,2025-04-30 19:38:04.427539,530.3,3381,4,1.0,0.0
1746038284.5371149,2025-04-30 19:38:04.537116,530.3,3412,4,1.0,0.0
1746038284.647111,2025-04-30 19:38:04.647112,530.3,3412,4,0.0,1.0
1746038284.7582238,2025-04-30 19:38:04.758225,530.3,3412,4,0.0,1.0
1746038284.867759,2025-04-30 19:38:04.867760,530.4,3396,4,0.0,1.0
1746038284.976844,2025-04-30 19:38:04.976845,530.4,3114,4,0.0,1.0
1746038285.0775857,2025-04-30 19:38:05.077586,530.7,3114,3,0.0,1.0
1746038285.1863148,2025-04-30 19:38:05.186316,531.9,3114,3,0.0,1.0
1746038285.2878933,2025-04-30 19:38:05.287894,531.9,3373,3,0.0,1.0
1746038285.397096,2025-04-30 19:38:05.397097,531.9,3632,2,0.0,1.0
1746038285.5066898,2025-04-30 19:38:05.506691,487.6,3642,2,0.0,1.0
1746038285.607035,2025-04-30 19:38:05.607036,487.0,3642,2,0.0,1.0
1746038285.7073646,2025-04-30 19:38:05.707365,486.6,3632,2,0.0,1.0
1746038285.8081686,2025-04-30 19:38:05.808170,486.1,3508,R,0.0,1.0
1746038285.916399,2025-04-30 19:38:05.916400,485.5,3381,R,0.0,1.0
1746038286.0175588,2025-04-30 19:38:06.017559,485.1,3279,R,0.0,1.0
1746038286.1270614,2025-04-30 19:38:06.127062,484.7,1782,R,0.0,1.0
1746038286.2368505,2025-04-30 19:38:06.236852,484.2,1010,R,0.0,1.0
1746038286.3377705,2025-04-30 19:38:06.337771,483.8,904,R,0.0,1.0
1746038286.4469137,2025-04-30 19:38:06.446914,483.3,900,R,0.0,1.0
1746038286.547273,2025-04-30 19:38:06.547274,482.7,900,R,0.0,1.0
1746038286.6568255,2025-04-30 19:38:06.656827,451.1,900,R,0.0,1.0
1746038286.7572982,2025-04-30 19:38:06.757299,450.9,900,R,0.0,1.0
1746038286.8677697,2025-04-30 19:38:06.867770,450.8,900,R,0.0,1.0
1746038286.9764795,2025-04-30 19:38:06.976480,450.8,900,R,0.0,1.0
1746038287.0776334,2025-04-30 19:38:07.077634,450.8,900,R,0.0,0.0
1746038287.1859653,2025-04-30 19:38:07.185966,450.8,900,R,0.0,0.0
1746038287.2876306,2025-04-30 19:38:07.287632,450.8,900,R,0.0,0.0
1746038287.396883,2025-04-30 19:38:07.396884,394.7,900,R,0.0,0.0
1746038287.5065622,2025-04-30 19:38:07.506563,338.4,900,R,0.0,0.0
1746038287.6068673,2025-04-30 19:38:07.606868,282.1,900,R,0.0,0.0
1746038287.7160125,2025-04-30 19:38:07.716014,225.7,900,R,0.0,0.0
1746038287.8169568,2025-04-30 19:38:07.816957,169.4,900,R,0.0,0.0
1746038287.9266183,2025-04-30 19:38:07.926619,113.0,900,R,0.0,0.0
1746038288.0298443,2025-04-30 19:38:08.029845,56.7,900,R,0.0,0.0
1746038288.1371152,2025-04-30 19:38:08.137116,0.3,900,R,0.0,0.0
1746038288.2471492,2025-04-30 19:38:08.247150,0.1,900,R,0.0,0.0
1746038288.3568528,2025-04-30 19:38:08.356854,0.0,900,R,0.0,0.0
1746038288.4572694,2025-04-30 19:38:08.457270,0.0,900,R,0.0,0.0
1746038288.557573,2025-04-30 19:38:08.557574,0.0,900,R,0.0,0.0
1746038288.6676307,2025-04-30 19:38:08.667632,0.0,900,R,0.36,0.0
1746038288.7766724,2025-04-30 19:38:08.776673,0.0,900,R,0.0,0.0
1746038288.8775501,2025-04-30 19:38:08.877551,0.0,1052,R,0.0,0.0
1746038288.9860306,2025-04-30 19:38:08.986031,0.0,1286,R,0.0,0.0
1746038289.0886803,2025-04-30 19:38:09.088681,0.0,1286,R,0.0,0.0
1746038289.197651,2025-04-30 19:38:09.197653,0.0,1286,R,0.0,0.0
1746038289.3070164,2025-04-30 19:38:09.307018,0.0,1267,R,0.0,0.0
1746038289.4172392,2025-04-30 19:38:09.417240,0.0,1247,1,0.0,0.0
1746038289.5268228,2025-04-30 19:38:09.526824,0.0,1229,1,0.0,0.0
1746038289.6278222,2025-04-30 19:38:09.627823,0.0,1195,1,0.0,0.0
1746038289.738165,2025-04-30 19:38:09.738166,0.0,986,1,0.0,0.0
1746038289.8473718,2025-04-30 19:38:09.847373,0.0,907,1,0.0,0.0
1746038289.9476714,2025-04-30 19:38:09.947672,0.0,907,1,0.0,0.0
1746038290.057762,2025-04-30 19:38:10.057763,0.0,906,1,0.0,0.0
1746038290.1580193,2025-04-30 19:38:10.158021,0.0,906,1,0.0,0.0
1746038290.2680595,2025-04-30 19:38:10.268061,0.0,906,1,0.0,0.0
1746038290.3773143,2025-04-30 19:38:10.377315,0.0,905,1,0.0,0.0
1746038290.478026,2025-04-30 19:38:10.478027,0.0,905,1,0.0,0.0
1746038290.587118,2025-04-30 19:38:10.587119,0.0,905,1,0.0,0.0
1746038290.6880536,2025-04-30 19:38:10.688054,0.0,905,1,0.0,0.0
1746038290.798157,2025-04-30 19:38:10.798158,0.0,904,1,0.0,0.0
1746038290.9070406,2025-04-30 19:38:10.907041,0.0,904,1,0.0,0.0
1746038291.007825,2025-04-30 19:38:11.007826,0.0,904,1,0.0,0.0
1746038291.1174288,2025-04-30 19:38:11.117430,0.0,904,1,0.0,0.0
1746038291.2182627,2025-04-30 19:38:11.218264,0.0,904,1,0.0,0.0
1746038291.3269653,2025-04-30 19:38:11.326966,0.0,903,1,0.0,0.0
1746038291.4281907,2025-04-30 19:38:11.428191,0.0,903,1,0.0,0.0
1746038291.538646,2025-04-30 19:38:11.538647,0.0,903,1,0.0,0.0
1746038291.64805,2025-04-30 19:38:11.648051,0.0,903,1,0.0,0.0
1746038291.7481234,2025-04-30 19:38:11.748124,0.0,903,1,0.0,0.0
1746038291.8582962,2025-04-30 19:38:11.858298,0.0,903,1,0.0,0.0
1746038291.9682662,2025-04-30 19:38:11.968267,0,903,1,0.0,0.0
1746038292.069471,2025-04-30 19:38:12.069472,0,903,1,0.0,0.0
1746038292.1781366,2025-04-30 19:38:12.178138,0,903,1,0.0,0.0
1746038292.2800374,2025-04-30 19:38:12.280038,0,903,1,0.0,0.0
1746038292.3873034,2025-04-30 19:38:12.387304,0,903,1,0.0,0.0
1746038292.4891572,2025-04-30 19:38:12.489158,0,903,1,0.0,0.0
1746038292.5989566,2025-04-30 19:38:12.598958,0,903,1,0.0,0.0
1746038292.7012699,2025-04-30 19:38:12.701270,0,903,1,0.0,0.0
1746038292.8093414,2025-04-30 19:38:12.809342,0,903,1,0.0,0.0
1746038292.9180827,2025-04-30 19:38:12.918084,0,903,1,0.0,0.0
1746038293.0189412,2025-04-30 19:38:13.018943,0,903,1,0.0,0.0
1746038293.1281848,2025-04-30 19:38:13.128186,0,903,1,0.0,0.0
1746038293.2289767,2025-04-30 19:38:13.228977,0,903,1,0.0,0.0
1746038293.3391807,2025-04-30 19:38:13.339181,0,903,1,0.0,0.0
1746038293.4480755,2025-04-30 19:38:13.448076,0,903,1,0.0,0.0
1746038293.558741,2025-04-30 19:38:13.558742,0,903,1,0.0,0.0
1746038293.6595056,2025-04-30 19:38:13.659507,0,903,1,0.0,0.0
1746038293.7697048,2025-04-30 19:38:13.769705,0,903,1,0.0,0.0
1746038293.8699074,2025-04-30 19:38:13.869908,0,903,1,0.0,0.0
1746038293.9797642,2025-04-30 19:38:13.979765,0,903,1,0.0,0.0
1746038294.082247,2025-04-30 19:38:14.082248,0,903,1,0.0,0.0
1746038294.1886454,2025-04-30 19:38:14.188646,0,903,1,0.0,0.0
1746038294.2887156,2025-04-30 19:38:14.288716,0,903,1,0.0,0.0
1746038294.398783,2025-04-30 19:38:14.398784,0,903,1,0.0,0.0
1746038294.5077841,2025-04-30 19:38:14.507785,0.0,902,1,0.0,0.0
1746038294.6087406,2025-04-30 19:38:14.608741,0.0,902,1,0.0,0.0
1746038294.717697,2025-04-30 19:38:14.717698,0.0,902,1,0.0,0.0
1746038294.8211157,2025-04-30 19:38:14.821116,0.0,902,1,0.0,0.0
1746038294.9280124,2025-04-30 19:38:14.928013,0.0,902,1,0.21,0.0
1746038295.0286102,2025-04-30 19:38:15.028611,0.0,902,1,0.21,0.0
1746038295.1392336,2025-04-30 19:38:15.139234,0.0,975,1,0.23,0.0
1746038295.2487466,2025-04-30 19:38:15.248748,0.1,1271,1,0.22,0.0
1746038295.3591552,2025-04-30 19:38:15.359156,0.3,1556,1,0.2,0.0
1746038295.4703786,2025-04-30 19:38:15.470380,0.5,1556,1,0.22,0.0
1746038295.5785334,2025-04-30 19:38:15.578534,0.6,1556,1,0.3,0.0
1746038295.6891618,2025-04-30 19:38:15.689162,0.8,1556,1,0.53,0.0
1746038295.8000686,2025-04-30 19:38:15.800069,1.0,1556,1,0.64,0.0
1746038295.9090166,2025-04-30 19:38:15.909017,1.4,1772,1,0.77,0.0
1746038296.0090692,2025-04-30 19:38:16.009070,1.9,1955,1,0.81,0.0
1746038296.1181068,2025-04-30 19:38:16.118108,2.4,1994,1,0.7,0.0
1746038296.2193477,2025-04-30 19:38:16.219350,2.9,2014,1,0.63,0.0
1746038296.3285468,2025-04-30 19:38:16.328548,3.6,2025,1,0.59,0.0
1746038296.4286077,2025-04-30 19:38:16.428609,4.4,2165,1,0.56,0.0
1746038296.5290747,2025-04-30 19:38:16.529075,5.3,2380,1,0.55,0.0
1746038296.6290898,2025-04-30 19:38:16.629091,6.4,2594,1,0.54,0.0
1746038296.7413259,2025-04-30 19:38:16.741327,7.9,2797,1,0.57,0.0
1746038296.8505826,2025-04-30 19:38:16.850583,9.5,2959,1,0.57,0.0
1746038296.9592173,2025-04-30 19:38:16.959218,11.1,3204,1,0.57,0.0
1746038297.0592427,2025-04-30 19:38:17.059244,12.7,3441,1,0.58,0.0
1746038297.1598103,2025-04-30 19:38:17.159811,14.3,3664,1,0.59,0.0
1746038297.2691748,2025-04-30 19:38:17.269176,16.1,3867,1,0.59,0.0
1746038297.369793,2025-04-30 19:38:17.369794,17.8,4066,1,0.59,0.0
1746038297.479296,2025-04-30 19:38:17.479297,19.3,4271,1,0.61,0.0
1746038297.5892563,2025-04-30 19:38:17.589257,20.9,4454,1,0.62,0.0
1746038297.6909714,2025-04-30 19:38:17.690973,22.3,4642,1,0.66,0.0
1746038297.7995217,2025-04-30 19:38:17.799523,23.8,4822,1,0.62,0.0
1746038297.9089475,2025-04-30 19:38:17.908948,25.2,5016,1,0.57,0.0
1746038298.008983,2025-04-30 19:38:18.008984,26.6,5208,1,0.54,0.0
1746038298.118644,2025-04-30 19:38:18.118645,28.0,5355,1,0.53,0.0
1746038298.2192261,2025-04-30 19:38:18.219227,29.4,5478,1,0.55,0.0
1746038298.3290782,2025-04-30 19:38:18.329079,30.7,5602,1,0.53,0.0
1746038298.429944,2025-04-30 19:38:18.429945,31.9,5638,1,0.53,0.0
1746038298.5414605,2025-04-30 19:38:18.541461,33.1,5646,1,0.51,0.0
1746038298.6482828,2025-04-30 19:38:18.648284,34.2,5646,1,0.48,0.0
1746038298.748583,2025-04-30 19:38:18.748584,35.3,5646,1,0.45,0.0
1746038298.858984,2025-04-30 19:38:18.858985,36.3,5664,1,0.47,0.0
1746038298.9593773,2025-04-30 19:38:18.959378,37.3,5735,1,0.51,0.0
1746038299.0697663,2025-04-30 19:38:19.069767,38.1,5741,1,0.6,0.0
1746038299.1784465,2025-04-30 19:38:19.178448,38.8,5741,1,0.62,0.0
1746038299.2791781,2025-04-30 19:38:19.279179,39.4,5735,1,0.63,0.0
1746038299.3883147,2025-04-30 19:38:19.388316,39.8,5677,1,0.63,0.0
1746038299.4889576,2025-04-30 19:38:19.488958,40.1,5677,1,0.64,0.0
1746038299.5899038,2025-04-30 19:38:19.589905,40.3,5677,1,0.62,0.0
1746038299.6992197,2025-04-30 19:38:19.699220,40.5,5683,1,0.57,0.0
1746038299.8009884,2025-04-30 19:38:19.800989,40.5,5698,1,0.56,0.0
1746038299.9088774,2025-04-30 19:38:19.908878,40.5,5702,1,0.56,0.0
1746038300.0099666,2025-04-30 19:38:20.009967,40.5,5702,1,0.56,0.0
1746038300.127164,2025-04-30 19:38:20.127165,40.5,5698,1,0.55,0.0
1746038300.2292318,2025-04-30 19:38:20.229233,40.5,5674,1,0.55,0.0
1746038300.3292859,2025-04-30 19:38:20.329287,40.5,5671,1,0.55,0.0
1746038300.4304032,2025-04-30 19:38:20.430404,40.5,5670,1,0.57,0.0
1746038300.5401695,2025-04-30 19:38:20.540170,40.4,5644,1,0.6,0.0
1746038300.6488721,2025-04-30 19:38:20.648873,40.4,5644,1,0.62,0.0
1746038300.7495966,2025-04-30 19:38:20.749598,40.4,5644,1,0.67,0.0
1746038300.859689,2025-04-30 19:38:20.859690,40.4,5666,1,0.76,0.0
1746038300.9698215,2025-04-30 19:38:20.969822,40.4,5666,1,0.83,0.0
1746038301.0796666,2025-04-30 19:38:21.079668,40.4,5679,1,1.0,0.0
1746038301.1892061,2025-04-30 19:38:21.189207,40.4,5679,1,1.0,0.0
1746038301.290027,2025-04-30 19:38:21.290028,40.4,5669,1,1.0,0.0
1746038301.40057,2025-04-30 19:38:21.400571,40.4,5669,1,1.0,0.0
1746038301.5098858,2025-04-30 19:38:21.509886,40.4,5679,1,1.0,0.0
1746038301.6200342,2025-04-30 19:38:21.620035,40.4,5669,1,1.0,0.0
1746038301.7295341,2025-04-30 19:38:21.729535,40.4,5677,1,1.0,0.0
1746038301.8393545,2025-04-30 19:38:21.839355,40.4,5677,1,1.0,0.0
1746038301.9406338,2025-04-30 19:38:21.940635,40.4,5677,1,1.0,0.0
1746038302.049218,2025-04-30 19:38:22.049219,40.4,5621,1,1.0,0.0
1746038302.1500733,2025-04-30 19:38:22.150074,40.4,5677,1,1.0,0.0
1746038302.2597334,2025-04-30 19:38:22.259734,40.4,5626,1,1.0,0.0
1746038302.369144,2025-04-30 19:38:22.369145,40.3,5689,1,1.0,0.0
1746038302.4701352,2025-04-30 19:38:22.470136,40.3,5626,1,1.0,0.0
1746038302.5795662,2025-04-30 19:38:22.579567,40.3,5626,1,1.0,0.0
1746038302.6804233,2025-04-30 19:38:22.680424,40.2,5571,1,1.0,0.0
1746038302.7889736,2025-04-30 19:38:22.788974,40.2,5339,2,1.0,0.0
1746038302.8910446,2025-04-30 19:38:22.891045,40.5,5125,2,1.0,0.0
1746038303.000558,2025-04-30 19:38:23.000559,40.8,4842,2,1.0,0.0
1746038303.100671,2025-04-30 19:38:23.100672,41.0,3590,2,1.0,0.0
1746038303.2006683,2025-04-30 19:38:23.200669,41.3,3590,2,1.0,0.0
1746038303.309937,2025-04-30 19:38:23.309938,41.5,3590,2,1.0,0.0
1746038303.4200401,2025-04-30 19:38:23.420041,41.8,3657,2,1.0,0.0
1746038303.5298097,2025-04-30 19:38:23.529810,42.1,3804,2,1.0,0.0
1746038303.6399074,2025-04-30 19:38:23.639908,42.5,3945,2,1.0,0.0
1746038303.740188,2025-04-30 19:38:23.740189,43.1,4085,2,1.0,0.0
1746038303.8498032,2025-04-30 19:38:23.849804,43.9,4226,2,1.0,0.0
1746038303.9506283,2025-04-30 19:38:23.950629,44.8,4347,2,1.0,0.0
1746038304.0605364,2025-04-30 19:38:24.060537,45.9,4474,2,1.0,0.0
1746038304.1697874,2025-04-30 19:38:24.169789,47.3,4588,2,1.0,0.0
1746038304.2707713,2025-04-30 19:38:24.270772,48.7,4713,2,1.0,0.0
1746038304.3801193,2025-04-30 19:38:24.380120,50.4,4835,2,1.0,0.0
1746038304.4909697,2025-04-30 19:38:24.490970,52.2,4939,2,1.0,0.0
1746038304.6010668,2025-04-30 19:38:24.601067,53.9,5055,2,1.0,0.0
1746038304.7013016,2025-04-30 19:38:24.701302,55.5,5163,2,1.0,0.0
1746038304.8100932,2025-04-30 19:38:24.810094,57.2,5269,2,1.0,0.0
1746038304.9100924,2025-04-30 19:38:24.910093,58.8,5361,2,1.0,0.0
1746038305.0210483,2025-04-30 19:38:25.021049,60.3,5459,2,1.0,0.0
1746038305.1301987,2025-04-30 19:38:25.130199,61.8,5552,2,1.0,0.0
1746038305.230818,2025-04-30 19:38:25.230819,63.2,5639,2,1.0,0.0
1746038305.3409803,2025-04-30 19:38:25.340981,64.4,5639,2,1.0,0.0
1746038305.4494634,2025-04-30 19:38:25.449464,65.6,5639,2,1.0,0.0
1746038305.5500536,2025-04-30 19:38:25.550055,66.8,5558,2,1.0,0.0
1746038305.6603725,2025-04-30 19:38:25.660373,67.9,5335,3,1.0,0.0
1746038305.770682,2025-04-30 19:38:25.770683,69.1,5121,3,1.0,0.0
1746038305.8708062,2025-04-30 19:38:25.870807,70.2,4871,3,1.0,0.0
1746038305.9801762,2025-04-30 19:38:25.980177,71.3,3781,3,1.0,0.0
1746038306.08073,2025-04-30 19:38:26.080731,72.1,3781,3,1.0,0.0
1746038306.1904716,2025-04-30 19:38:26.190472,72.9,3781,3,1.0,0.0
1746038306.2908092,2025-04-30 19:38:26.290810,73.6,3790,3,1.0,0.0
1746038306.401508,2025-04-30 19:38:26.401509,74.1,3837,3,1.0,0.0
1746038306.5105047,2025-04-30 19:38:26.510506,74.5,3880,3,1.0,0.0
1746038306.6107926,2025-04-30 19:38:26.610793,74.8,3930,3,1.0,0.0
1746038306.7192538,2025-04-30 19:38:26.719255,75.2,3978,3,1.0,0.0
1746038306.8210764,2025-04-30 19:38:26.821077,75.7,4024,3,1.0,0.0
1746038306.931112,2025-04-30 19:38:26.931113,76.3,4065,3,1.0,0.0
1746038307.0406778,2025-04-30 19:38:27.040679,76.9,4109,3,1.0,0.0
1746038307.1407223,2025-04-30 19:38:27.140723,77.6,4156,3,1.0,0.0
1746038307.24981,2025-04-30 19:38:27.249810,78.3,4200,3,1.0,0.0
1746038307.3500934,2025-04-30 19:38:27.350094,79.2,4238,3,1.0,0.0
1746038307.4501548,2025-04-30 19:38:27.450156,80.1,4279,3,1.0,0.0
1746038307.560686,2025-04-30 19:38:27.560687,81.1,4316,3,1.0,0.0
1746038307.6700811,2025-04-30 19:38:27.670082,82.0,4363,3,1.0,0.0
1746038307.7702494,2025-04-30 19:38:27.770250,82.9,4396,3,1.0,0.0
1746038307.871433,2025-04-30 19:38:27.871434,83.7,4437,3,1.0,0.0
1746038307.9797602,2025-04-30 19:38:27.979761,84.6,4471,3,1.0,0.0
1746038308.0820274,2025-04-30 19:38:28.082028,85.4,4504,3,1.0,0.0
1746038308.1912162,2025-04-30 19:38:28.191217,86.3,4539,3,1.0,0.0
1746038308.2913663,2025-04-30 19:38:28.291367,87.1,4578,3,1.0,0.0
1746038308.401368,2025-04-30 19:38:28.401369,87.9,4616,3,1.0,0.0
1746038308.502151,2025-04-30 19:38:28.502152,88.7,4646,3,1.0,0.0
1746038308.6101828,2025-04-30 19:38:28.610184,89.4,4673,3,1.0,0.0
1746038308.7105765,2025-04-30 19:38:28.710578,90.2,4702,3,1.0,0.0
1746038308.8122447,2025-04-30 19:38:28.812246,90.9,4740,3,1.0,0.0
1746038308.9200082,2025-04-30 19:38:28.920009,91.6,4767,3,1.0,0.0
1746038309.021487,2025-04-30 19:38:29.021488,92.3,4797,3,1.0,0.0
1746038309.131694,2025-04-30 19:38:29.131695,93.0,4830,3,1.0,0.0
1746038309.2402372,2025-04-30 19:38:29.240240,93.7,4848,3,1.0,0.0
1746038309.3409703,2025-04-30 19:38:29.340971,94.3,4881,3,1.0,0.0
1746038309.449462,2025-04-30 19:38:29.449463,95.0,4912,3,1.0,0.0
1746038309.550762,2025-04-30 19:38:29.550763,95.6,4938,3,1.0,0.0
1746038309.6606307,2025-04-30 19:38:29.660632,96.2,4962,3,1.0,0.0
1746038309.7614791,2025-04-30 19:38:29.761480,96.8,4989,3,1.0,0.0
1746038309.8710322,2025-04-30 19:38:29.871033,97.4,5015,3,1.0,0.0
1746038309.9803643,2025-04-30 19:38:29.980365,98.0,5037,3,1.0,0.0
1746038310.0807738,2025-04-30 19:38:30.080775,98.6,5064,3,1.0,0.0
1746038310.1908455,2025-04-30 19:38:30.190847,99.1,5092,3,1.0,0.0
1746038310.2918558,2025-04-30 19:38:30.291857,99.6,5092,3,1.0,0.0
1746038310.4011867,2025-04-30 19:38:30.401187,99.9,5092,3,1.0,0.0
1746038310.5012841,2025-04-30 19:38:30.501285,100.3,5001,3,1.0,0.0
1746038310.601705,2025-04-30 19:38:30.601706,100.6,4808,4,1.0,0.0
1746038310.7108493,2025-04-30 19:38:30.710850,100.9,4617,4,1.0,0.0
1746038310.8117554,2025-04-30 19:38:30.811756,101.2,4437,4,1.0,0.0
1746038310.9199073,2025-04-30 19:38:30.919908,101.5,3599,4,1.0,0.0
1746038311.0216596,2025-04-30 19:38:31.021660,101.7,3466,4,1.0,0.0
1746038311.1315446,2025-04-30 19:38:31.131545,102.0,3419,4,1.0,0.0
1746038311.2406225,2025-04-30 19:38:31.240624,102.1,3419,4,1.0,0.0
1746038311.340987,2025-04-30 19:38:31.340988,102.3,3419,4,1.0,0.0
1746038311.4500682,2025-04-30 19:38:31.450069,102.4,3431,4,1.0,0.0
1746038311.5512643,2025-04-30 19:38:31.551265,102.6,3443,4,1.0,0.0
1746038311.6610641,2025-04-30 19:38:31.661065,102.7,3455,4,1.0,0.0
1746038311.772552,2025-04-30 19:38:31.772553,102.9,3475,4,1.0,0.0
1746038311.8812656,2025-04-30 19:38:31.881266,103.0,3484,4,1.0,0.0
1746038311.9815085,2025-04-30 19:38:31.981510,103.1,3498,4,1.0,0.0
1746038312.0815313,2025-04-30 19:38:32.081532,103.3,3515,4,1.0,0.0
1746038312.1919005,2025-04-30 19:38:32.191901,103.5,3528,4,1.0,0.0
1746038312.292123,2025-04-30 19:38:32.292124,103.8,3544,4,1.0,0.0
1746038312.402398,2025-04-30 19:38:32.402399,104.0,3556,4,1.0,0.0
1746038312.5106416,2025-04-30 19:38:32.510642,104.4,3572,4,1.0,0.0
1746038312.6117866,2025-04-30 19:38:32.611787,104.7,3589,4,1.0,0.0
1746038312.720555,2025-04-30 19:38:32.720556,105.2,3607,4,1.0,0.0
1746038312.8220575,2025-04-30 19:38:32.822058,105.6,3624,4,1.0,0.0
1746038312.9318724,2025-04-30 19:38:32.931873,106.0,3638,4,1.0,0.0
1746038313.0326653,2025-04-30 19:38:33.032666,106.5,3650,4,1.0,0.0
1746038313.1329916,2025-04-30 19:38:33.132992,106.9,3673,4,1.0,0.0
1746038313.2414317,2025-04-30 19:38:33.241432,107.4,3691,4,1.0,0.0
1746038313.3430166,2025-04-30 19:38:33.343017,107.9,3705,4,1.0,0.0
1746038313.4512188,2025-04-30 19:38:33.451220,108.4,3724,4,1.0,0.0
1746038313.5524783,2025-04-30 19:38:33.552479,108.8,3737,4,1.0,0.0
1746038313.661927,2025-04-30 19:38:33.661928,109.3,3757,4,1.0,0.0
1746038313.7715366,2025-04-30 19:38:33.771538,109.8,3772,4,1.0,0.0
1746038313.8716526,2025-04-30 19:38:33.871654,110.3,3793,4,1.0,0.0
1746038313.9813414,2025-04-30 19:38:33.981342,110.9,3809,4,1.0,0.0
1746038314.0823965,2025-04-30 19:38:34.082397,111.4,3829,4,1.0,0.0
1746038314.1916049,2025-04-30 19:38:34.191605,111.9,3844,4,1.0,0.0
1746038314.2927308,2025-04-30 19:38:34.292732,112.4,3859,4,1.0,0.0
1746038314.4020114,2025-04-30 19:38:34.402012,112.9,3881,4,1.0,0.0
1746038314.502487,2025-04-30 19:38:34.502488,113.4,3893,4,1.0,0.0
1746038314.6119604,2025-04-30 19:38:34.611961,113.9,3915,4,1.0,0.0
1746038314.7120352,2025-04-30 19:38:34.712036,114.5,3935,4,1.0,0.0
1746038314.8142846,2025-04-30 19:38:34.814285,115.0,3947,4,1.0,0.0
1746038314.9219031,2025-04-30 19:38:34.921905,115.5,3962,4,1.0,0.0
1746038315.0248115,2025-04-30 19:38:35.024812,116.0,3979,4,1.0,0.0
1746038315.1334121,2025-04-30 19:38:35.133413,116.6,4000,4,1.0,0.0
1746038315.2414732,2025-04-30 19:38:35.241474,117.1,4018,4,1.0,0.0
1746038315.3423343,2025-04-30 19:38:35.342335,117.6,4033,4,1.0,0.0
1746038315.4424608,2025-04-30 19:38:35.442462,118.1,4049,4,1.0,0.0
1746038315.5527668,2025-04-30 19:38:35.552767,118.7,4065,4,1.0,0.0
1746038315.6619794,2025-04-30 19:38:35.661980,119.2,4082,4,1.0,0.0
1746038315.7619777,2025-04-30 19:38:35.761978,119.7,4098,4,1.0,0.0
1746038315.8625038,2025-04-30 19:38:35.862505,120.2,4113,4,1.0,0.0
1746038315.9729183,2025-04-30 19:38:35.972919,120.7,4125,4,1.0,0.0
1746038316.082336,2025-04-30 19:38:36.082337,121.2,4141,4,1.0,0.0
1746038316.1825674,2025-04-30 19:38:36.182568,121.7,4160,4,1.0,0.0
1746038316.2927248,2025-04-30 19:38:36.292726,122.2,4172,4,1.0,0.0
1746038316.392843,2025-04-30 19:38:36.392844,122.6,4181,4,1.0,0.0
1746038316.4929707,2025-04-30 19:38:36.492971,123.1,4201,4,1.0,0.0
1746038316.6023822,2025-04-30 19:38:36.602383,123.5,4214,4,1.0,0.0
1746038316.7027082,2025-04-30 19:38:36.702709,123.9,4233,4,1.0,0.0
1746038316.8027177,2025-04-30 19:38:36.802718,124.3,4258,4,1.0,0.0
1746038316.903129,2025-04-30 19:38:36.903130,124.7,4292,4,1.0,0.0
1746038317.0129862,2025-04-30 19:38:37.012987,125.1,4311,4,1.0,0.0
1746038317.122757,2025-04-30 19:38:37.122758,125.5,4311,4,1.0,0.0
1746038317.2244875,2025-04-30 19:38:37.224488,125.9,4311,4,1.0,0.0
1746038317.3334162,2025-04-30 19:38:37.333417,126.3,4292,4,1.0,0.0
1746038317.434134,2025-04-30 19:38:37.434135,126.6,4289,4,1.0,0.0
1746038317.5427651,2025-04-30 19:38:37.542766,126.9,4289,4,1.0,0.0
1746038317.6523695,2025-04-30 19:38:37.652370,127.1,4292,4,1.0,0.0
1746038317.7541275,2025-04-30 19:38:37.754129,127.4,4308,4,1.0,0.0
1746038317.8636794,2025-04-30 19:38:37.863680,127.6,4321,4,1.0,0.0
1746038317.9731896,2025-04-30 19:38:37.973190,127.8,4325,4,1.0,0.0
1746038318.0732858,2025-04-30 19:38:38.073287,128.1,4342,4,1.0,0.0
1746038318.1823237,2025-04-30 19:38:38.182325,128.3,4357,4,1.0,0.0
1746038318.283267,2025-04-30 19:38:38.283268,128.6,4372,4,1.0,0.0
1746038318.392003,2025-04-30 19:38:38.392004,129.0,4390,4,1.0,0.0
1746038318.4940193,2025-04-30 19:38:38.494020,129.3,4397,4,1.0,0.0
1746038318.6020918,2025-04-30 19:38:38.602094,129.7,4417,4,1.0,0.0
1746038318.7034519,2025-04-30 19:38:38.703453,130.1,4436,4,1.0,0.0
1746038318.8131044,2025-04-30 19:38:38.813105,130.6,4449,4,1.0,0.0
1746038318.9226038,2025-04-30 19:38:38.922605,131.0,4473,4,1.0,0.0
1746038319.023961,2025-04-30 19:38:39.023962,131.4,4473,4,1.0,0.0
1746038319.133387,2025-04-30 19:38:39.133388,131.8,4474,4,1.0,0.0
1746038319.2429113,2025-04-30 19:38:39.242912,132.2,4484,4,1.0,0.0
1746038319.3434525,2025-04-30 19:38:39.343453,132.6,4508,4,1.0,0.0
1746038319.4523678,2025-04-30 19:38:39.452369,133.0,4513,4,1.0,0.0
1746038319.5630164,2025-04-30 19:38:39.563017,133.4,4529,4,1.0,0.0
1746038319.6724102,2025-04-30 19:38:39.672411,133.8,4537,4,1.0,0.0
1746038319.7727256,2025-04-30 19:38:39.772726,134.1,4548,4,1.0,0.0
1746038319.8747134,2025-04-30 19:38:39.874715,134.5,4569,4,1.0,0.0
1746038319.9822977,2025-04-30 19:38:39.982299,134.9,4584,4,1.0,0.0
1746038320.082784,2025-04-30 19:38:40.082785,135.3,4588,4,1.0,0.0
1746038320.185135,2025-04-30 19:38:40.185135,135.7,4606,4,1.0,0.0
1746038320.2932265,2025-04-30 19:38:40.293227,136.1,4624,4,1.0,0.0
1746038320.4023314,2025-04-30 19:38:40.402332,136.5,4625,4,1.0,0.0
1746038320.5023596,2025-04-30 19:38:40.502360,136.9,4646,4,1.0,0.0
1746038320.6026156,2025-04-30 19:38:40.602617,137.3,4655,4,1.0,0.0
1746038320.7127175,2025-04-30 19:38:40.712718,137.6,4655,4,0.0,0.86
1746038320.8134406,2025-04-30 19:38:40.813441,137.1,4655,4,0.0,1.0
1746038320.9229457,2025-04-30 19:38:40.922947,136.3,4487,4,0.0,1.0
1746038321.0245743,2025-04-30 19:38:41.024575,135.6,4162,4,0.0,1.0
1746038321.1342843,2025-04-30 19:38:41.134285,134.7,3949,4,0.0,1.0
1746038321.2423832,2025-04-30 19:38:41.242385,133.8,3591,4,0.0,1.0
1746038321.3435652,2025-04-30 19:38:41.343566,133.0,3456,3,0.0,1.0
1746038321.4519606,2025-04-30 19:38:41.451961,132.2,3456,3,0.0,1.0
1746038321.5534685,2025-04-30 19:38:41.553469,131.0,3456,3,0.0,1.0
1746038321.6630776,2025-04-30 19:38:41.663078,128.9,4451,2,0.0,1.0
1746038321.7724996,2025-04-30 19:38:41.772501,126.1,4488,2,0.0,1.0
1746038321.8826623,2025-04-30 19:38:41.882663,122.7,4672,2,0.0,1.0
1746038321.992922,2025-04-30 19:38:41.992923,118.5,4694,2,0.0,1.0
1746038322.0947976,2025-04-30 19:38:42.094799,113.8,4694,2,0.0,1.0
1746038322.2024634,2025-04-30 19:38:42.202465,108.5,4694,2,0.0,1.0
1746038322.3029077,2025-04-30 19:38:42.302908,102.7,4393,2,0.0,1.0
1746038322.4130452,2025-04-30 19:38:42.413046,96.5,4050,2,0.0,1.0
1746038322.5226543,2025-04-30 19:38:42.522655,90.4,4050,1,0.0,1.0
1746038322.6232796,2025-04-30 19:38:42.623280,84.5,4050,1,0.0,1.0
1746038322.7334929,2025-04-30 19:38:42.733494,78.8,4281,1,0.0,1.0
1746038322.84298,2025-04-30 19:38:42.842981,73.2,4281,1,0.0,0.82
1746038322.9429853,2025-04-30 19:38:42.942986,67.8,4281,1,0.0,0.16
1746038323.0529683,2025-04-30 19:38:43.052969,62.8,3774,1,0.0,0.0
1746038323.1534193,2025-04-30 19:38:43.153420,57.8,3419,1,0.0,0.0
1746038323.2629406,2025-04-30 19:38:43.262942,52.8,3363,1,0.0,0.0
1746038323.372685,2025-04-30 19:38:43.372686,48.2,3310,1,0.0,0.0
1746038323.4742193,2025-04-30 19:38:43.474220,43.8,3253,1,0.0,0.0
1746038323.582045,2025-04-30 19:38:43.582046,39.6,3197,1,0.0,0.0
1746038323.6828783,2025-04-30 19:38:43.682879,35.7,3136,1,0.0,0.0
1746038323.79278,2025-04-30 19:38:43.792781,32.3,3044,1,0.0,0.0
1746038323.893586,2025-04-30 19:38:43.893587,29.5,3003,1,0.0,0.0
1746038324.0032218,2025-04-30 19:38:44.003223,27.1,2953,1,0.0,0.0
1746038324.103353,2025-04-30 19:38:44.103354,25.4,2902,1,0.0,0.0
1746038324.2047246,2025-04-30 19:38:44.204725,24.0,2799,1,0.0,0.0
1746038324.313489,2025-04-30 19:38:44.313490,23.0,2764,1,0.0,0.0
1746038324.413619,2025-04-30 19:38:44.413620,22.3,2721,1,0.0,0.0
1746038324.5232203,2025-04-30 19:38:44.523221,21.9,2674,1,0.0,0.0
1746038324.6244519,2025-04-30 19:38:44.624453,21.5,2632,1,0.0,0.0
1746038324.733735,2025-04-30 19:38:44.733736,21.1,2586,1,0.0,0.0
1746038324.8338335,2025-04-30 19:38:44.833834,20.8,2586,1,1.0,0.0
1746038324.9441774,2025-04-30 19:38:44.944178,20.7,2586,1,1.0,0.0
1746038325.052635,2025-04-30 19:38:45.052636,20.8,2618,1,1.0,0.0
1746038325.1541913,2025-04-30 19:38:45.154192,20.9,2896,1,1.0,0.0
1746038325.2633166,2025-04-30 19:38:45.263318,21.2,3295,1,1.0,0.0
1746038325.363612,2025-04-30 19:38:45.363613,21.4,3655,1,1.0,0.0
1746038325.4636602,2025-04-30 19:38:45.463661,21.6,4040,1,1.0,0.0
1746038325.5743701,2025-04-30 19:38:45.574371,21.9,4378,1,1.0,0.0
1746038325.683018,2025-04-30 19:38:45.683019,22.2,4702,1,1.0,0.0
1746038325.79364,2025-04-30 19:38:45.793641,22.9,5040,1,1.0,0.0
1746038325.8938282,2025-04-30 19:38:45.893829,23.5,5356,1,1.0,0.0
1746038326.0030856,2025-04-30 19:38:46.003086,24.4,5570,1,1.0,0.0
1746038326.1032355,2025-04-30 19:38:46.103236,25.6,5651,1,1.0,0.0
1746038326.2033253,2025-04-30 19:38:46.203326,26.9,5651,1,1.0,0.0
1746038326.3130991,2025-04-30 19:38:46.313101,28.5,5669,1,1.0,0.0
1746038326.4142926,2025-04-30 19:38:46.414293,30.4,5688,1,1.0,0.0
1746038326.523338,2025-04-30 19:38:46.523339,32.5,5669,1,1.0,0.0
1746038326.6235626,2025-04-30 19:38:46.623564,34.3,5629,1,1.0,0.0
1746038326.7339742,2025-04-30 19:38:46.733975,35.9,5688,1,1.0,0.0
1746038326.8340154,2025-04-30 19:38:46.834016,37.3,5669,1,1.0,0.0
1746038326.943357,2025-04-30 19:38:46.943358,38.2,5629,1,1.0,0.0
1746038327.0526817,2025-04-30 19:38:47.052683,39.0,5613,1,1.0,0.0
1746038327.1541138,2025-04-30 19:38:47.154115,39.5,5517,1,1.0,0.0
1746038327.2640595,2025-04-30 19:38:47.264061,39.9,5282,2,1.0,0.0
1746038327.364315,2025-04-30 19:38:47.364316,40.3,5069,2,1.0,0.0
1746038327.4655652,2025-04-30 19:38:47.465567,40.6,4741,2,1.0,0.0
1746038327.5665832,2025-04-30 19:38:47.566584,40.8,3493,2,1.0,0.0
1746038327.6736674,2025-04-30 19:38:47.673668,41.1,3493,2,1.0,0.0
1746038327.782474,2025-04-30 19:38:47.782475,41.4,3493,2,1.0,0.0
1746038327.8837762,2025-04-30 19:38:47.883777,41.6,3637,2,1.0,0.0
1746038327.9935153,2025-04-30 19:38:47.993516,41.9,3778,2,1.0,0.0
1746038328.09482,2025-04-30 19:38:48.094822,42.3,3906,2,1.0,0.0
1746038328.2041016,2025-04-30 19:38:48.204103,42.9,4041,2,1.0,0.0
1746038328.3042362,2025-04-30 19:38:48.304238,43.6,4163,2,1.0,0.0
1746038328.4146452,2025-04-30 19:38:48.414647,44.5,4297,2,1.0,0.0
1746038328.5242102,2025-04-30 19:38:48.524211,45.6,4417,2,1.0,0.0
1746038328.6346781,2025-04-30 19:38:48.634679,46.9,4536,2,1.0,0.0
1746038328.7347949,2025-04-30 19:38:48.734796,48.4,4662,2,1.0,0.0
1746038328.843693,2025-04-30 19:38:48.843694,50.0,4787,2,1.0,0.0
1746038328.9443374,2025-04-30 19:38:48.944338,51.6,4898,2,1.0,0.0
1746038329.0536978,2025-04-30 19:38:49.053700,53.3,5001,2,1.0,0.0
1746038329.154709,2025-04-30 19:38:49.154710,54.8,5107,2,1.0,0.0
1746038329.2655897,2025-04-30 19:38:49.265591,56.2,5107,2,1.0,0.0
1746038329.3740034,2025-04-30 19:38:49.374004,57.5,5107,2,1.0,0.0
1746038329.4742799,2025-04-30 19:38:49.474281,58.9,4939,3,1.0,0.0
1746038329.5830252,2025-04-30 19:38:49.583026,60.3,4723,3,1.0,0.0
1746038329.6843348,2025-04-30 19:38:49.684336,61.7,4537,3,1.0,0.0
1746038329.7942052,2025-04-30 19:38:49.794206,63.1,3675,3,1.0,0.0
1746038329.895115,2025-04-30 19:38:49.895116,64.4,3498,3,1.0,0.0
1746038330.0037184,2025-04-30 19:38:50.003719,65.5,3498,3,1.0,0.0
1746038330.1043038,2025-04-30 19:38:50.104304,66.4,3498,3,1.0,0.0
1746038330.214312,2025-04-30 19:38:50.214313,67.0,3498,3,1.0,0.0
1746038330.3153822,2025-04-30 19:38:50.315383,67.5,3498,3,1.0,0.0
1746038330.42436,2025-04-30 19:38:50.424361,67.8,3409,4,1.0,0.0
1746038330.5253386,2025-04-30 19:38:50.525340,68.3,3287,4,1.0,0.0
1746038330.6353285,2025-04-30 19:38:50.635330,68.7,3160,4,1.0,0.0
1746038330.7450373,2025-04-30 19:38:50.745039,69.3,2562,4,1.0,0.0
1746038330.853984,2025-04-30 19:38:50.853985,69.9,2483,4,1.0,0.0
1746038330.9551713,2025-04-30 19:38:50.955172,70.4,2460,4,1.0,0.0
1746038331.0652645,2025-04-30 19:38:51.065266,71.0,2460,4,1.0,0.0
1746038331.1739352,2025-04-30 19:38:51.173936,71.5,2460,4,1.0,0.0
1746038331.2751763,2025-04-30 19:38:51.275177,72.0,2482,4,1.0,0.0
1746038331.383721,2025-04-30 19:38:51.383722,72.4,2505,4,1.0,0.0
1746038331.4850268,2025-04-30 19:38:51.485028,72.7,2526,4,1.0,0.0
1746038331.5948124,2025-04-30 19:38:51.594814,73.0,2548,4,1.0,0.0
1746038331.696155,2025-04-30 19:38:51.696156,73.4,2568,4,1.0,0.0
1746038331.8044877,2025-04-30 19:38:51.804490,73.8,2588,4,1.0,0.0
1746038331.904696,2025-04-30 19:38:51.904697,74.3,2609,4,1.0,0.0
1746038332.0148606,2025-04-30 19:38:52.014861,74.8,2632,4,1.0,0.0
1746038332.1247616,2025-04-30 19:38:52.124763,75.4,2653,4,0.96,0.0
1746038332.2351434,2025-04-30 19:38:52.235144,76.0,2675,4,0.0,0.0
1746038332.33533,2025-04-30 19:38:52.335331,76.5,2675,4,0.0,0.0
1746038332.4448745,2025-04-30 19:38:52.444876,77.0,2675,4,0.0,0.0
1746038332.545002,2025-04-30 19:38:52.545003,77.5,2675,4,0.0,0.0
1746038332.653887,2025-04-30 19:38:52.653888,78.0,2663,4,0.0,0.0
1746038332.7555969,2025-04-30 19:38:52.755598,78.5,2653,4,0.0,0.0
1746038332.8660727,2025-04-30 19:38:52.866073,78.8,2645,4,0.0,0.31
1746038332.9750166,2025-04-30 19:38:52.975018,78.5,2637,4,0.0,1.0
1746038333.0841713,2025-04-30 19:38:53.084172,78.0,2593,4,0.0,1.0
1746038333.1953437,2025-04-30 19:38:53.195345,77.3,2326,4,0.0,1.0
1746038333.3039465,2025-04-30 19:38:53.303947,76.5,2101,4,0.0,1.0
1746038333.4050963,2025-04-30 19:38:53.405098,75.8,1940,4,0.0,1.0
1746038333.5053673,2025-04-30 19:38:53.505368,75.2,1757,4,0.0,0.0
1746038333.6149945,2025-04-30 19:38:53.614995,75.1,1624,4,0.0,0.0
1746038333.7253494,2025-04-30 19:38:53.725350,74.5,1624,3,0.0,0.0
1746038333.8351002,2025-04-30 19:38:53.835101,73.3,1624,3,0.0,0.0
1746038333.9351068,2025-04-30 19:38:53.935107,71.4,2238,3,0.0,0.0
1746038334.0354283,2025-04-30 19:38:54.035429,68.9,2238,3,0.0,0.0
1746038334.1452951,2025-04-30 19:38:54.145296,65.7,2238,3,0.0,0.0
1746038334.2543204,2025-04-30 19:38:54.254321,62.2,2227,3,0.0,0.0
1746038334.3571868,2025-04-30 19:38:54.357188,58.6,2215,3,0.0,0.03
1746038334.466652,2025-04-30 19:38:54.466653,54.4,2203,3,0.0,1.0
1746038334.5752656,2025-04-30 19:38:54.575266,50.5,2189,3,0.0,0.56
1746038334.6849673,2025-04-30 19:38:54.684968,48.0,1874,3,0.0,0.0
1746038334.7952003,2025-04-30 19:38:54.795201,46.2,1874,2,0.0,0.0
1746038334.8957982,2025-04-30 19:38:54.895799,44.9,1874,2,0.0,0.0
1746038335.004729,2025-04-30 19:38:55.004731,44.3,2309,2,0.0,0.0
1746038335.1054964,2025-04-30 19:38:55.105498,44.1,2583,2,0.0,0.0
1746038335.2161548,2025-04-30 19:38:55.216156,43.4,2583,2,0.0,0.0
1746038335.325732,2025-04-30 19:38:55.325733,42.1,2583,2,0.0,0.0
1746038335.4257367,2025-04-30 19:38:55.425738,40.8,2561,2,0.0,0.16
1746038335.5370822,2025-04-30 19:38:55.537083,38.9,2540,2,0.0,1.0
1746038335.645173,2025-04-30 19:38:55.645175,37.0,2492,2,0.0,0.0
1746038335.7458751,2025-04-30 19:38:55.745876,35.7,2091,2,0.0,0.6
1746038335.854969,2025-04-30 19:38:55.854970,33.7,2091,1,0.0,1.0
1746038335.9577415,2025-04-30 19:38:55.957743,32.4,2091,1,0.0,0.0
1746038336.0657132,2025-04-30 19:38:56.065714,31.6,2267,1,0.0,0.0
1746038336.1661265,2025-04-30 19:38:56.166127,31.3,2267,1,0.0,0.0
1746038336.275858,2025-04-30 19:38:56.275859,30.6,2267,1,0.0,0.0
1746038336.384889,2025-04-30 19:38:56.384890,29.3,2230,1,0.0,0.0
1746038336.4856946,2025-04-30 19:38:56.485696,28.0,2192,1,0.0,0.0
1746038336.5951607,2025-04-30 19:38:56.595162,26.2,2156,1,0.0,0.0
1746038336.695971,2025-04-30 19:38:56.695972,24.2,2123,1,0.0,0.0
1746038336.8054373,2025-04-30 19:38:56.805439,22.3,2054,1,0.0,0.0
1746038336.9151802,2025-04-30 19:38:56.915181,20.4,1979,1,0.0,0.0
1746038337.0155709,2025-04-30 19:38:57.015572,18.6,1973,1,0.0,0.0
1746038337.1257565,2025-04-30 19:38:57.125757,17.0,1942,1,0.0,1.0
1746038337.2262309,2025-04-30 19:38:57.226232,15.7,1914,1,0.0,0.74
1746038337.336155,2025-04-30 19:38:57.336156,14.8,1692,1,0.0,0.0
1746038337.4448326,2025-04-30 19:38:57.444834,14.4,1233,1,0.0,0.0
1746038337.5464127,2025-04-30 19:38:57.546414,14.1,1219,1,0.0,0.0
1746038337.6550083,2025-04-30 19:38:57.655009,13.9,1210,1,0.0,0.0
1746038337.757596,2025-04-30 19:38:57.757597,13.6,1192,1,0.0,0.0
1746038337.865982,2025-04-30 19:38:57.865983,13.3,1152,1,0.0,0.0
1746038337.9759884,2025-04-30 19:38:57.975990,12.6,1140,1,0.0,0.0
1746038338.0859747,2025-04-30 19:38:58.085975,11.9,1133,1,0.0,0.0
1746038338.195062,2025-04-30 19:38:58.195063,11.2,1118,1,0.0,0.0
1746038338.2970903,2025-04-30 19:38:58.297091,10.6,1104,1,0.0,0.0
1746038338.4198375,2025-04-30 19:38:58.419838,7.419999999999999,1104,1,0.0,0.0
1746038338.5263505,2025-04-30 19:38:58.526351,7.419999999999999,1104,1,0.0,0.0
1746038338.6271682,2025-04-30 19:38:58.627169,7.419999999999999,1104,1,0.0,0.0
1746038338.735716,2025-04-30 19:38:58.735717,7.419999999999999,1104,1,0.0,0.0
1746038338.8457382,2025-04-30 19:38:58.845740,7.419999999999999,1104,1,0.0,0.0
1746038338.9463027,2025-04-30 19:38:58.946304,7.419999999999999,1104,1,0.0,0.0
1746038339.055616,2025-04-30 19:38:59.055617,7.419999999999999,1104,1,0.0,0.0
1746038339.1572819,2025-04-30 19:38:59.157283,7.419999999999999,1104,1,0.0,0.0
1746038339.2668657,2025-04-30 19:38:59.266867,7.419999999999999,1104,1,0.0,0.0
1746038339.3760974,2025-04-30 19:38:59.376099,7.419999999999999,1104,1,0.0,0.0
1746038339.4764063,2025-04-30 19:38:59.476408,7.419999999999999,1104,1,0.0,0.0
1746038339.5861485,2025-04-30 19:38:59.586150,7.419999999999999,1104,1,0.0,0.0
1746038339.6869638,2025-04-30 19:38:59.686965,7.419999999999999,1104,1,0.0,0.0
1746038339.7968483,2025-04-30 19:38:59.796849,7.419999999999999,1104,1,0.0,0.0
1746038339.8977134,2025-04-30 19:38:59.897714,7.419999999999999,1104,1,0.0,0.0
1746038340.0064442,2025-04-30 19:39:00.006446,7.419999999999999,1104,1,0.0,0.0
1746038340.1098669,2025-04-30 19:39:00.109868,7.419999999999999,1104,1,0.0,0.0
1746038340.2168124,2025-04-30 19:39:00.216814,7.419999999999999,1104,1,0.0,0.0
1746038340.3168228,2025-04-30 19:39:00.316823,7.419999999999999,1104,1,0.0,0.0
1746038340.426548,2025-04-30 19:39:00.426549,7.419999999999999,1104,1,0.0,0.0
1746038340.5363047,2025-04-30 19:39:00.536305,7.419999999999999,1104,1,0.0,0.0
1746038340.6459477,2025-04-30 19:39:00.645949,7.419999999999999,1104,1,0.0,0.0
1746038340.74645,2025-04-30 19:39:00.746451,7.419999999999999,1104,1,0.0,0.0
1746038340.84815,2025-04-30 19:39:00.848151,7.419999999999999,1104,1,0.0,0.0
1746038340.9543488,2025-04-30 19:39:00.954350,7.419999999999999,1104,1,0.0,0.0
1746038341.0563684,2025-04-30 19:39:01.056369,7.419999999999999,1104,1,0.0,0.0
1746038341.161004,2025-04-30 19:39:01.161005,7.419999999999999,1104,1,0.0,0.0
1746038341.2679853,2025-04-30 19:39:01.267986,7.419999999999999,1104,1,0.0,0.0
1746038341.3729858,2025-04-30 19:39:01.372987,7.419999999999999,1104,1,0.0,0.0
1746038341.4809716,2025-04-30 19:39:01.480972,7.419999999999999,1104,1,0.0,0.0
1746038341.5855641,2025-04-30 19:39:01.585565,7.419999999999999,1104,1,0.0,0.0
1746038341.6862798,2025-04-30 19:39:01.686280,7.419999999999999,1104,1,0.0,0.0
1746038341.7980003,2025-04-30 19:39:01.798001,7.419999999999999,1104,1,0.0,0.0
1746038341.907395,2025-04-30 19:39:01.907396,7.419999999999999,1104,1,0.0,0.0
1746038342.0110912,2025-04-30 19:39:02.011092,7.419999999999999,1104,1,0.0,0.0
1746038342.115758,2025-04-30 19:39:02.115760,7.419999999999999,1104,1,0.0,0.0
1746038342.2168455,2025-04-30 19:39:02.216847,7.419999999999999,1104,1,0.0,0.0
1746038342.326817,2025-04-30 19:39:02.326818,7.419999999999999,1104,1,0.0,0.0
1746038342.4361343,2025-04-30 19:39:02.436135,7.419999999999999,1104,1,0.0,0.0
1746038342.5437229,2025-04-30 19:39:02.543724,7.419999999999999,1104,1,0.0,0.0
1746038342.6464074,2025-04-30 19:39:02.646409,7.419999999999999,1104,1,0.0,0.0
1746038342.750557,2025-04-30 19:39:02.750558,7.419999999999999,1104,1,0.0,0.0
1746038342.855939,2025-04-30 19:39:02.855940,7.419999999999999,1104,1,0.0,0.0
1746038342.9572384,2025-04-30 19:39:02.957240,7.419999999999999,1104,1,0.0,0.0
1746038343.0705757,2025-04-30 19:39:03.070577,7.419999999999999,1104,1,0.0,0.0
1746038343.1779833,2025-04-30 19:39:03.177985,7.419999999999999,1104,1,0.0,0.0
1746038343.2818763,2025-04-30 19:39:03.281877,7.419999999999999,1104,1,0.0,0.0
1746038343.3865488,2025-04-30 19:39:03.386549,7.419999999999999,1104,1,0.0,0.0
1746038343.4881794,2025-04-30 19:39:03.488180,7.419999999999999,1104,1,0.0,0.0
1746038343.5974,2025-04-30 19:39:03.597401,7.419999999999999,1104,1,0.0,0.0
1746038343.7065766,2025-04-30 19:39:03.706578,7.419999999999999,1104,1,0.0,0.0
1746038343.813753,2025-04-30 19:39:03.813754,7.419999999999999,1104,1,0.0,0.0
1746038343.9169288,2025-04-30 19:39:03.916929,7.419999999999999,1104,1,0.0,0.0
1746038344.0200617,2025-04-30 19:39:04.020063,7.419999999999999,1104,1,0.0,0.0
1746038344.1278703,2025-04-30 19:39:04.127871,7.419999999999999,1104,1,0.0,0.0
1746038344.2377715,2025-04-30 19:39:04.237772,7.419999999999999,1104,1,0.0,0.0
1746038344.3436928,2025-04-30 19:39:04.343694,7.419999999999999,1104,1,0.0,0.0
1746038344.448269,2025-04-30 19:39:04.448270,7.419999999999999,1104,1,0.0,0.0
1746038344.5576768,2025-04-30 19:39:04.557678,7.419999999999999,1104,1,0.0,0.0
1746038344.672822,2025-04-30 19:39:04.672823,7.419999999999999,1104,1,0.0,0.0
1746038344.7761533,2025-04-30 19:39:04.776154,7.419999999999999,1104,1,0.0,0.0
1746038344.8873613,2025-04-30 19:39:04.887363,7.419999999999999,1104,1,0.0,0.0
1746038344.9977095,2025-04-30 19:39:04.997711,7.419999999999999,1104,1,0.0,0.0
1746038345.0992868,2025-04-30 19:39:05.099288,7.419999999999999,1104,1,0.0,0.0
1746038345.2101479,2025-04-30 19:39:05.210149,7.419999999999999,1104,1,0.0,0.0
1746038345.3161142,2025-04-30 19:39:05.316115,7.419999999999999,1104,1,0.0,0.0
1746038345.4168787,2025-04-30 19:39:05.416879,7.419999999999999,1104,1,0.0,0.0
1746038345.5267036,2025-04-30 19:39:05.526705,7.419999999999999,1104,1,0.0,0.0
1746038345.6367676,2025-04-30 19:39:05.636769,7.419999999999999,1104,1,0.0,0.0
1746038345.74224,2025-04-30 19:39:05.742241,7.419999999999999,1104,1,0.0,0.0
1746038345.846862,2025-04-30 19:39:05.846863,7.419999999999999,1104,1,0.0,0.0
1746038345.950713,2025-04-30 19:39:05.950714,7.419999999999999,1104,1,0.0,0.0
1746038346.0568728,2025-04-30 19:39:06.056874,7.419999999999999,1104,1,0.0,0.0
1746038346.1572561,2025-04-30 19:39:06.157258,7.419999999999999,1104,1,0.0,0.0
1746038346.2722037,2025-04-30 19:39:06.272205,7.419999999999999,1104,1,0.0,0.0
1746038346.3762984,2025-04-30 19:39:06.376299,7.419999999999999,1104,1,0.0,0.0
1746038346.4809942,2025-04-30 19:39:06.480995,7.419999999999999,1104,1,0.0,0.0
1746038346.5859144,2025-04-30 19:39:06.585915,7.419999999999999,1104,1,0.0,0.0
1746038346.6889758,2025-04-30 19:39:06.688977,7.419999999999999,1104,1,0.0,0.0
1746038346.7984896,2025-04-30 19:39:06.798490,7.419999999999999,1104,1,0.0,0.0
1746038346.8988984,2025-04-30 19:39:06.898899,7.419999999999999,1104,1,0.0,0.0
1746038346.998964,2025-04-30 19:39:06.998965,7.419999999999999,1104,1,0.0,0.0
1746038347.0990267,2025-04-30 19:39:07.099028,7.419999999999999,1104,1,0.0,0.0
1746038347.2029665,2025-04-30 19:39:07.202967,7.419999999999999,1104,1,0.0,0.0
1746038347.3073986,2025-04-30 19:39:07.307400,7.419999999999999,1104,1,0.0,0.0
1746038347.4117956,2025-04-30 19:39:07.411797,7.419999999999999,1104,1,0.0,0.0
1746038347.5166733,2025-04-30 19:39:07.516674,7.419999999999999,1104,1,0.0,0.0
1746038347.6185865,2025-04-30 19:39:07.618587,7.419999999999999,1104,1,0.0,0.0
1746038347.7271469,2025-04-30 19:39:07.727148,7.419999999999999,1104,1,0.0,0.0
